{"mean": [26.3402787456446, 84.27310104529617, 0.31430662020905925, 8.892257839721253, 74.03895470383276, 11.515888501742161, 3.099651567944251, 9.133101045296167, -0.0010818746776430008, 0.0016459382277525026, -0.030516097556878074, -0.01981878784404175, -0.9326859345843767, 0.06655052264808352, 6.968641114982578e-05, -0.0018118466898954704, -6.968641114982578e-05, 0.00013937282229965157], "std": [1.543140805628004, 6.071322416800523, 0.5057228483703681, 5.590845365921339, 31.811565429488116, 6.930968113047688, 1.99280060066124, 0.696220608809673, 0.7068654879397078, 0.7073452497856271, 0.7068617190741717, 0.7064152415865605, 0.06698650110960572, 0.3481103044048366, 2.9123191416121017, 3.199781709584042, 0.8215308193426871, 0.8695386946828911]}